Email,Nombre,Apellido,Contrase√±a,Rol
bince0@fda.gov,Brunhilde,Ince,63a9f0ea7bb98050796b649e85481845,Administrador
mfeake1@dedecms.com,Marnia,Feake,63a9f0ea7bb98050796b649e85481845,Funcionario
dweedon2@umn.edu,Dana,Weedon,63a9f0ea7bb98050796b649e85481845,Funcionario
hmapes3@latimes.com,Hillyer,Mapes,63a9f0ea7bb98050796b649e85481845,Funcionario
jwisson4@icq.com,Josh,Wisson,63a9f0ea7bb98050796b649e85481845,Administrador
ilondors5@quantcast.com,Ingunna,Londors,63a9f0ea7bb98050796b649e85481845,Funcionario
croft6@squarespace.com,Ianthe,Crocroft,63a9f0ea7bb98050796b649e85481845,Administrador
pbatchelder7@yahoo.co.jp,Peria,Batchelder,63a9f0ea7bb98050796b649e85481845,Administrador
ccaudle8@homestead.com,Cate,Caudle,63a9f0ea7bb98050796b649e85481845,Administrador
emerrikin9@t-online.de,Esteban,Merrikin,63a9f0ea7bb98050796b649e85481845,Funcionario
chea@cargocollective.com,Northrup,Hurche,63a9f0ea7bb98050796b649e85481845,Funcionario
elamplughb@com.com,Erick,Lamplugh,63a9f0ea7bb98050796b649e85481845,Administrador
fbrashc@ft.com,Fulvia,Brash,63a9f0ea7bb98050796b649e85481845,Administrador
cstambridged@soup.io,Caria,Stambridge,63a9f0ea7bb98050796b649e85481845,Administrador
bpyere@chicagotribune.com,Bradney,Pyer,63a9f0ea7bb98050796b649e85481845,Funcionario
bthomannf@newyorker.com,Bette-ann,Thomann,63a9f0ea7bb98050796b649e85481845,Funcionario
mhacketg@godaddy.com,Mart,Hacket,63a9f0ea7bb98050796b649e85481845,Administrador
abeagenh@people.com.cn,Adolphus,Beagen,63a9f0ea7bb98050796b649e85481845,Funcionario
lsmalemani@purevolume.com,Lorelei,Smaleman,63a9f0ea7bb98050796b649e85481845,Administrador
dmccordj@answers.com,Darcy,McCord,63a9f0ea7bb98050796b649e85481845,Administrador
fbramstomk@discovery.com,Francine,Bramstom,63a9f0ea7bb98050796b649e85481845,Funcionario
jshielsl@php.net,Jeanine,Shiels,63a9f0ea7bb98050796b649e85481845,Administrador
gvialm@vinaora.com,Griswold,Vial,63a9f0ea7bb98050796b649e85481845,Administrador
rwhimpern@yellowpages.com,Richart,Whimper,63a9f0ea7bb98050796b649e85481845,Funcionario
fshielo@wunderground.com,Fidelity,Shiel,63a9f0ea7bb98050796b649e85481845,Administrador
plucianip@umn.edu,Payton,Luciani,63a9f0ea7bb98050796b649e85481845,Funcionario
obaggeq@quantcast.com,Odelia,Bagge,63a9f0ea7bb98050796b649e85481845,Funcionario
ckabschr@webnode.com,Corene,Kabsch,63a9f0ea7bb98050796b649e85481845,Funcionario
jmunslows@last.fm,Joseito,Munslow,63a9f0ea7bb98050796b649e85481845,Funcionario
erowet@cafepress.com,Elvyn,Rowe,63a9f0ea7bb98050796b649e85481845,Funcionario
