id,PrimerNombre,SegundoNombre,PrimerApellido,Segundo Apellido,FechaNacimiento,Pais,Ciudad
1,Putnam,Jaquelin,Laven,Uridge,1986-06-22,Honduras,Aramecina
2,Adrianna,,Tretwell,Hyatt,1998-11-07,Peru,Cairani
3,Janna,Ula,Flaverty,Ginsie,2014-10-28,Jamaica,Linstead
4,Henri,,Jeayes,Stoney,1998-03-14,Honduras,San José de Río Tinto
5,Natividad,,Benazet,Skarman,2000-10-02,Brazil,Gavea
6,Rikki,Conrado,Meegin,Lunam,2019-01-17,Honduras,El Olivar
7,Joann,Poul,Conroy,Kreber,1993-08-02,Mexico,San Francisco
8,Mallorie,Lynna,Kulicke,Shorthill,2010-06-07,Colombia,Curumaní
9,Lorne,Wolfgang,Stephens,Ecles,2001-02-26,Colombia,Caldono
10,Kai,Shanan,Ashborn,Cockshoot,1992-12-19,Bolivia,San Pedro
11,Cris,Candra,Salkeld,Ullett,2017-03-31,Bolivia,Yamparáez
12,Christos,Verney,Durston,Cunnow,2015-10-25,Paraguay,Los Cedrales
13,Donia,Dunc,Gresch,Lindsell,1994-02-02,Colombia,Santo Tomás
14,Berenice,Pepi,Ojeda,Freezor,1997-06-05,Brazil,Laranjal Paulista
15,Jessica,Juliane,Pimerick,Cabral,1993-06-24,Peru,Andaray
16,Russ,Gothart,Drane,Forth,1982-08-27,Colombia,Marulanda
17,Adina,Isabelle,Honack,Stuttman,2010-07-18,Haiti,Verrettes
18,Wang,,McPharlain,Abate,1986-05-24,Brazil,Rio Claro
19,Kerk,Calvin,Gambell,Praton,2013-12-07,Brazil,Canutama
20,Marybeth,Vittorio,Calbaithe,Corragan,1997-09-07,Cuba,La Salud
21,Raynell,Karlotta,Rowaszkiewicz,Bredee,1987-01-30,Chile,San Carlos
22,Francoise,Tatiania,Winspire,Easen,2007-08-15,Brazil,Maringá
23,Donovan,Joellyn,Kalker,Maty,2010-09-14,Colombia,Don Matías
24,Forest,Adaline,Chadwell,Quarrington,2006-02-16,Peru,Sayán
25,Beth,Kenn,Shory,Skewis,2016-01-15,Paraguay,Santa Rita
26,Fidel,Dorella,Crafts,Dunridge,1997-10-19,Mexico,La Laguna
27,Sheri,Rufus,Storr,Crampton,2011-07-05,Brazil,Santa Helena
28,Rudd,,Schimmang,Eliesco,2016-03-02,Colombia,San Carlos
29,Inglis,Millard,Scholar,Crockatt,2005-10-11,Jamaica,Alexandria
30,Jody,Taite,Luberti,Tongue,1997-01-23,Brazil,São Luiz Gonzaga
