Email,Nombre,Apellido,Contrase√±a,TipoDeCuenta
ghawkshaw0@upenn.edu,Georgianne,Hawkshaw,63a9f0ea7bb98050796b649e85481845,Normal
fcalvie1@ftc.gov,Felice,Calvie,63a9f0ea7bb98050796b649e85481845,Premium
ljerrans2@buzzfeed.com,Lettie,Jerrans,63a9f0ea7bb98050796b649e85481845,Premium
bchallis3@sakura.ne.jp,Bord,Challis,63a9f0ea7bb98050796b649e85481845,Premium
lczyz4@theguardian.com,Lynne,Czyz,63a9f0ea7bb98050796b649e85481845,Normal
singlesent5@yellow.com,Steffen,Inglesent,63a9f0ea7bb98050796b649e85481845,Normal
chazleton6@cdbaby.com,Collie,Hazleton,63a9f0ea7bb98050796b649e85481845,Normal
achalder7@vinaora.com,Ashley,Chalder,63a9f0ea7bb98050796b649e85481845,Premium
amarwick8@chron.com,Aube,Marwick,63a9f0ea7bb98050796b649e85481845,Normal
asutliff9@eepurl.com,Aileen,Sutliff,63a9f0ea7bb98050796b649e85481845,Normal
vforesa@washingto.com,Vite,Fores,63a9f0ea7bb98050796b649e85481845,Normal
torrb@example.com,Terencio,Orr,63a9f0ea7bb98050796b649e85481845,Normal
cmulkerrinsc@blink.com,Cinderella,Mulkerrins,63a9f0ea7bb98050796b649e85481845,Normal
bsealsd@a8.net,Bennett,Seals,63a9f0ea7bb98050796b649e85481845,Normal
lblinte@a8.net,Lanna,Blint,63a9f0ea7bb98050796b649e85481845,Normal
hspawforthf@wsj.com,Hasty,Spawforth,63a9f0ea7bb98050796b649e85481845,Normal
trangellg@time.com,Teodoro,Rangell,63a9f0ea7bb98050796b649e85481845,Normal
dlilesh@google.nl,Drud,Liles,63a9f0ea7bb98050796b649e85481845,Normal
hbonhomei@oracle.com,Hart,Bonhome,63a9f0ea7bb98050796b649e85481845,Normal
asehorschj@friendly.com,Aggie,Sehorsch,63a9f0ea7bb98050796b649e85481845,Normal
bbunclarkk@army.mil,Bevan,Bunclark,63a9f0ea7bb98050796b649e85481845,Normal
rolunneyl@oakley.com,Rawley,O'Lunney,63a9f0ea7bb98050796b649e85481845,Normal
awoodburnem@phpbb.com,Axe,Woodburne,63a9f0ea7bb98050796b649e85481845,Normal
lmcgonaglen@cnet.com,Leigh,McGonagle,63a9f0ea7bb98050796b649e85481845,Premium
mpitchero@histats.com,Massimo,Pitcher,63a9f0ea7bb98050796b649e85481845,Premium
ejacobp@bandcamp.com,Electra,Jacob,63a9f0ea7bb98050796b649e85481845,Premium
dtreng@fastcompany.com,Dorian,Trengrouse,63a9f0ea7bb98050796b649e85481845,Premium
mgriffoenr@scienced.com,Meir,Griffoen,63a9f0ea7bb98050796b649e85481845,Premium
sconsidines@mail.ru,Siouxie,Considine,63a9f0ea7bb98050796b649e85481845,Premium
rbrantt@ox.ac.uk,Rae,Brant,63a9f0ea7bb98050796b649e85481845,Normal
